FIGI,TICKER,LOT,NAME,SECTOR,FIRST_TRADE_YEAR,PRICE_ANALYZE,VOLUME_ANALYZE,FIRST_DAY_ANALYZE,OVERALL_ANALYZE,NOWADAY_PRICE
BBG003LYCMB1,SFIN,1,ЭсЭфАй,financial,2015,1.0,0.11886840170856076,0.3333333333333333,1.0,1482.2
TCS00A0JR6A6,RBCM,100,РБК,telecom,2011,0.8328953342845412,0.10781135172164036,0.48148148148148145,0.8617327412335155,12.685
BBG004S683W7,AFLT,10,Аэрофлот,consumer,2000,0.5589732279869615,0.1550240462126301,0.8888888888888888,0.6741937678766885,63.86
TCS00A107T19,YDEX,1,Яндекс,it,2014,0.6102300187356025,0.13313489001396825,0.37037037037037035,0.6472345581441958,3712.0
BBG004S68C39,LSRG,1,Группа ЛСР,real_estate,2007,0.5020609317137719,0.33095324869451276,0.6296296296296297,0.6336836820621373,772.0
BBG004S68614,AFKS,100,АФК Система,financial,2007,0.5321721075202717,0.22444107806473565,0.6296296296296297,0.6333861214886438,14.562
BBG000QJW156,BSPB,10,Банк Санкт-Петербург,financial,2007,0.5788693089185715,0.03893229833887512,0.6296296296296297,0.6275389136601004,353.97
TCS5407L2079,SFTL,1,Noventiq ГДР,it,2023,0.34624081336965673,1.0,0.037037037037037035,0.5879469371902323,61.15
BBG000MZL2S9,PMSBP,10,Пермэнергосбыт - акции привилегированные,utilities,2007,0.512193623663545,0.1222878375226954,0.6296296296296297,0.587792989593633,263.2
BBG0063FKTD9,LENT,1,Лента,consumer,2021,0.5872850894557001,0.11575445744045335,0.1111111111111111,0.5870054046031706,1043.0
BBG004RVFFC0,TATN,1,Татнефть,energy,2001,0.48862632667232975,0.0670111870110694,0.8518518518518519,0.5807316184722949,576.1
BBG004S68758,BANE,1,Башнефть,energy,2011,0.5432340799684591,0.04858421217591124,0.48148148148148145,0.5774236329040868,2373.0
BBG000MZL0Y6,PMSB,10,Пермэнергосбыт,utilities,2006,0.49222526393145444,0.10835483500419292,0.6666666666666666,0.5704903517668959,242.6
BBG000NLCCM3,LSNGP,10,Ленэнерго - акции привилегированные,utilities,2000,0.45369714923627186,0.1300690847542541,0.8888888888888888,0.5699543344318383,197.15
BBG000R607Y3,PLZL,1,Полюс,materials,2006,0.48816734539512274,0.11323725154921699,0.6666666666666666,0.5680208800503319,14365.5
BBG00F9XX7H4,RNFT,1,РуссНефть,energy,2016,0.5012453464713856,0.24534698116157924,0.2962962962962963,0.566086049473711,137.75
BBG00475K6C3,CHMF,1,Северсталь,materials,2005,0.4953014173468273,0.061156898051191545,0.7037037037037037,0.5657442210527996,1235.0
BBG004S681M2,SNGSP,10,Сургутнефтегаз - привилегированные акции,energy,2000,0.4586403728093144,0.08867426548140517,0.8888888888888888,0.5635706001909032,57.15
BBG004S682Z6,RTKM,10,Ростелеком,telecom,2000,0.4593960741072014,0.08498851919467766,0.8888888888888888,0.5632948358662696,64.16
BBG000RTHVK7,GCHE,1,Группа Черкизово,consumer,2008,0.4899978965990799,0.12155779822638459,0.5925925925925926,0.5621098213807737,4046.0
BBG004S68BH6,PIKK,1,ПИК,real_estate,2007,0.4798712226952866,0.1345983793895859,0.6296296296296297,0.5610806625112889,491.0
BBG008HD3V85,UWGN,1,ОВК,industrials,2018,0.5752537429216567,0.003465039253058978,0.2222222222222222,0.56081617703069,57.5
BBG0047315Y7,SBERP,10,Сбер Банк - привилегированные акции,financial,2000,0.45440593432889137,0.08336402765640526,0.8888888888888888,0.5582368252873763,252.84
BBG004730N88,SBER,10,Сбер Банк,financial,2000,0.45339964045701114,0.08226420075974664,0.8888888888888888,0.5570122355907011,253.43
BBG00Y91R9T3,OZON,1,Ozon Holdings PLC,consumer,2020,0.5534753926242,0.09849482564798477,0.14814814814814814,0.5559856325120516,3458.5
BBG004RVFCY3,MGNT,1,Магнит,consumer,2006,0.49318178706442434,0.0463799929488863,0.6666666666666666,0.554956756107837,4822.5
BBG004S68829,TATNP,1,Татнефть - привилегированные акции,energy,2007,0.48860257681129693,0.06968961081872933,0.6296296296296297,0.5519796709988739,575.4
TCS00A103X66,POSI,1,Группа Позитив,it,2021,0.5504405781430116,0.10458969237600291,0.1111111111111111,0.5498795815545467,2077.8
BBG000RJWGC4,AMEZ,100,Ашинский метзавод,materials,2008,0.4617914720507814,0.17106089716714656,0.5925925925925926,0.5490688349532914,76.6
BBG004731032,LKOH,1,ЛУКОЙЛ,energy,2000,0.4412187033590458,0.09411267685470151,0.8888888888888888,0.5488556080401281,7021.0
BBG00475KHX6,TRNFP,1,Транснефть - привилегированные акции,energy,2002,0.4565792124770676,0.07681883091585245,0.8148148148148148,0.5487048211309119,1343.5
TCS00A0ZZAC4,SVCB,100,Совкомбанк,financial,2023,0.5751932830382956,0.03583601953611324,0.037037037037037035,0.5448040144466327,13.67
BBG004S685M3,RTKMP,10,Ростелеком - Привилегированные акции,telecom,1997,0.43209534700380864,0.04830246747957117,1.0,0.5429771814099126,58.9
TCS00Y3XYV94,MDMG,1,Мать и дитя,health_care,2020,0.49634053460070415,0.24499233332912534,0.14814814814814814,0.5418172283210397,890.4
BBG004S68JR8,SVAV,1,СОЛЛЕРС,consumer,2005,0.4263165306954338,0.15596243477314586,0.7037037037037037,0.5268906148502195,794.0
BBG004S687G6,MSRS,1000,Россети Московский регион,utilities,2006,0.4535318024292786,0.051708109834746815,0.6666666666666666,0.5195991785958666,1.146
BBG004S68507,MAGN,10,Магнитогорский металлургический комбинат,materials,2006,0.4464589398469343,0.07431892109681204,0.6666666666666666,0.5190310572472875,37.985
BBG0047315D0,SNGS,100,Сургутнефтегаз,energy,2000,0.4071783344900702,0.09638141304932415,0.8888888888888888,0.5178894888933236,25.84
BBG004S686N0,BANEP,1,Башнефть - привилегированные акции,energy,2011,0.47402738546843015,0.053846437486929306,0.48148148148148145,0.5146392697966308,1274.5
TCS2207L1061,HHRU,1,HeadHunter Group PLC,it,2020,0.5105842992285349,0.08296169739798148,0.14814814814814814,0.5120951041811644,3908.0
TCS20A107662,HEAD,1,Хэдхантер,it,2020,0.5130581497251463,0.07378326593297345,0.14814814814814814,0.5119573389030437,4466.0
BBG004S681W1,MTSS,10,МТС,telecom,2004,0.42121097703978333,0.09406538564257796,0.7407407407407407,0.5106625800505032,198.15
BBG004S687W8,MSNG,1000,Мосэнерго,utilities,1997,0.38681692271689105,0.05973387795981233,1.0,0.5040171931441414,2.4015
BBG004730JJ5,MOEX,10,Московская Биржа,financial,2013,0.47020773760457835,0.06349814615662157,0.4074074074074074,0.5038412155337633,209.18
BBG000NLB2G3,KROT,10,Красный Октябрь,consumer,2006,0.4252963935005763,0.08788448588450778,0.6666666666666666,0.503000314464387,1806.0
BBG004S681B4,NLMK,10,НЛМК,materials,2006,0.4260634119205386,0.077450850776114,0.6666666666666666,0.5009471494164923,134.6
BBG000FWGSZ5,IRKT,100,Яковлев,industrials,2004,0.43242658532280226,0.017661597690498503,0.7407407407407407,0.5008196765209807,31.5
BBG004S68CP5,MVID,1,М.Видео,consumer,2007,0.3821256839523513,0.24868129176694068,0.6296296296296297,0.5006636129507406,99.8
BBG004S684M6,SIBN,1,Газпром нефть,energy,1999,0.3923212250297762,0.06393181734399075,0.9259259259259259,0.5004206659115497,571.5
BBG004S68B31,ALRS,10,АЛРОСА,materials,2011,0.4475077239147,0.09138440858428114,0.48148148148148145,0.4999922620826793,53.22
BBG004731354,ROSN,1,Роснефть,energy,2006,0.4238401838919668,0.07933001874073856,0.6666666666666666,0.49938334288183067,480.1
BBG004S688G4,AKRN,1,Акрон,materials,2006,0.3977160601707438,0.12145259663544529,0.6666666666666666,0.4863178564355552,17008.0
TCS00A105EX7,WUSH,1,Whoosh,industrials,2022,0.4913979410566879,0.08681890017231174,0.07407407407407407,0.4855114858875247,169.6
BBG004730RP0,GAZP,10,Газпром,energy,2006,0.39225546898196273,0.13528827023892293,0.6666666666666666,0.4849198422165125,133.37
BBG000GQSVC2,NKNCP,10,Нижнекамскнефтехим (привилегированные),materials,2008,0.41948580953146136,0.041411255565654455,0.5925925925925926,0.47548531560610124,68.6
BBG004730ZJ9,VTBR,1,Банк ВТБ,financial,2007,0.39369975751256203,0.10259050296805801,0.6296296296296297,0.47268912156219356,80.59
RU000A106T36,ASTR,1,Группа Астра,it,2023,0.479713840990864,0.09563117393260222,0.037037037037037035,0.47210453970267746,508.0
TCS00A106XF2,HNFG,1,HENDERSON,consumer,2023,0.49483936366819187,0.04039332709231437,0.037037037037037035,0.4714955330293896,577.1
BBG004S68473,IRAO,100,Интер РАО ЕЭС,utilities,2008,0.3951422196793138,0.10157149688920478,0.5925925925925926,0.46885019443783477,4.13
BBG004S68696,RASP,10,Распадская,materials,2007,0.38931763072875075,0.0856637348829152,0.6296296296296297,0.46414051552745567,272.9
BBG00475KKY8,NVTK,1,НОВАТЭК,energy,2004,0.35031225990389353,0.16620725159047278,0.7407407407407407,0.4640293065811355,917.8
BBG000NLC9Z6,LSNG,100,Ленэнерго,utilities,2000,0.36990952615366307,0.02296984932358868,0.8888888888888888,0.46387751409500133,13.45
BBG007N0Z367,AGRO,1,РусАгро,consumer,2014,0.43302649335293725,0.05824647370394818,0.37037037037037035,0.46306323724507614,1202.6
TCS00A0JNXF9,PRFN,100,ЧЗПСН,materials,2012,0.40040178228733087,0.13382253303236732,0.4444444444444444,0.46264635703331636,5.14
TCS00A0HG602,OBNEP,1,Обьнефтегазгеология - привилегированные акции,materials,2023,0.43918509644863574,0.20064642281901024,0.037037037037037035,0.46234477997529677,541.88
BBG002458LF8,SELG,10,Селигдар,materials,2011,0.40695147243579394,0.09015821356367681,0.48148148148148145,0.46205765450120184,45.49
BBG000LWNRP3,RKKE,1,РКК Энергия им.С.П.Королева,industrials,2008,0.4024387435061479,0.037427724884475336,0.5925925925925926,0.4586213079694615,18800.0
BBG008F2T3T2,RUAL,10,РУСАЛ,materials,2015,0.4199407003922269,0.10364569607166739,0.3333333333333333,0.4580503776694907,39.65
BBG002GHV6L9,SPBE,1,СПБ Биржа,financial,2021,0.45521617854852453,0.0895249788098559,0.1111111111111111,0.4575820263955717,129.6
BBG004TC84Z8,TRMK,10,Трубная Металлургическая Компания,materials,2007,0.38195716993079387,0.08302206552435534,0.6296296296296297,0.4566148871161164,109.46
BBG012YQ6P43,CIAN,1,Циан АДР,it,2021,0.46881810412773944,0.036252083180581145,0.1111111111111111,0.4560807426665591,620.0
BBG000SR0YS4,LNZLP,1,Лензолото - привилегированные акции,materials,2009,0.3934120876390163,0.07199826189129038,0.5555555555555556,0.4545035487799634,1875.0
BBG004S689R0,PHOR,1,ФосАгро,materials,2011,0.4010841019746929,0.07794884485385709,0.48148148148148145,0.453381616810198,5433.0
BBG009GSYN76,CBOM,100,МКБ,financial,2015,0.4303278497468504,0.04146459973342791,0.3333333333333333,0.4512075968887591,7.283
BBG004S68CV8,VSMO,1,ВСМПО-АВИСМА,materials,2005,0.3822268916152841,0.012576311352353478,0.7037037037037037,0.44801316279943093,24360.0
BBG004731489,GMKN,10,Норильский никель,materials,2006,0.36734419556384,0.08283547761336826,0.6666666666666666,0.4479207491071948,115.16
TCS00A1002V2,EUTR,1,ЕвроТранс,industrials,2023,0.4002951767636722,0.2786448074187183,0.037037037037037035,0.4469464913471742,113.85
BBG000VFX6Y4,GLTR,1,Globaltrans Investment PLC,industrials,2020,0.4397230295046426,0.08360816459476735,0.14814814814814814,0.44655340147880634,519.25
TCS00A108ZR8,DATA,1,Группа Аренадата,it,2024,0.4787771223221663,0.019985180873581483,0.0,0.4462863962940472,118.34
BBG000GQSRR5,NKNC,10,Нижнекамскнефтехим,materials,2008,0.3894489244948405,0.031986476374712094,0.5925925925925926,0.44513354479935163,83.95
BBG004S68BR5,NMTP,100,НМТП,industrials,2007,0.3830761642844511,0.03503811946903263,0.6296296296296297,0.44493893463272977,8.835
TCS10A0J2QG8,BLNG,100,Белон,materials,2007,0.3770067667552292,0.05104900685175292,0.6296296296296297,0.4435526822443036,18.9
BBG000V07CB8,DVEC,1000,ДЭК,utilities,2007,0.3860012686225997,0.016654584125154342,0.6296296296296297,0.4427806880448385,2.537
BBG002BCQK67,NSVZ,10,Наука-Связь,telecom,2011,0.4047177257102401,0.01675083109356842,0.48148148148148145,0.4405364479999224,311.5
BBG000K3STR7,APTK,10,"Аптечная сеть 36,6",consumer,2007,0.37522900937730275,0.042596846120734555,0.6296296296296297,0.4396646310199013,10.516
TCS10A0JNAB6,ABIO,10,Артген,health_care,2018,0.43208291234973956,0.045160011757302256,0.2222222222222222,0.43909447748635394,88.3
BBG0029SFXB3,KZOS,10,Казаньоргсинтез - акции обыкновенные,materials,2011,0.3918991692174535,0.05454696392302235,0.48148148148148145,0.438663520993565,79.3
BBG000SK7JS5,LNZL,1,Лензолото,materials,2009,0.3815966353055211,0.05074486103764876,0.5555555555555556,0.4379153017598353,11850.0
BBG001M2SC01,ETLN,1,Etalon Group PLC ГДР,real_estate,2020,0.43692560014811915,0.06047078229208085,0.14814814814814814,0.43782881856776373,60.36
TCS00A107UL4,TCSG,1,Т-Технологии,financial,2019,0.37786361537546154,0.24244589090383845,0.18518518518518517,0.4361799108693692,2603.6
TCS00A0ZZBC2,SOFL,10,Софтлайн,it,2023,0.4498381690221541,0.06286699638375683,0.037037037037037035,0.4357183488342741,127.44
BBG000DBD6F6,KLSB,100,Калужская сбытовая компания,utilities,2006,0.374325668331698,0.0006579726826893443,0.6666666666666666,0.4326215499086263,23.42
BBG00QKJSX05,RENI,10,Ренессанс Страхование,financial,2021,0.4332979556902013,0.05984384997027693,0.1111111111111111,0.42939202551652306,101.82
TCS00A0JVJQ8,MGKL,100,МГКЛ,financial,2023,0.46078457772789244,0.0,0.037037037037037035,0.42921246201869445,2.1455
BBG000R04X57,FLOT,10,Совкомфлот,industrials,2020,0.42900817767429344,0.04887362307205038,0.14814814814814814,0.427413879982928,96.9
BBG000QF1Q17,FESH,10,ДВМП,industrials,2008,0.3541372886313609,0.08649218914593693,0.5925925925925926,0.42682903576462633,48.63
BBG000PZ0833,MGTSP,1,МГТС - акции привилегированные,telecom,2007,0.35611705970577806,0.06004337131866795,0.6296296296296297,0.42656378787219396,930.0
TCS30A0ZYD22,GTRK,10,ГТМ,industrials,2017,0.4073090806610511,0.06539706151342291,0.25925925925925924,0.4263890699556141,315.2
BBG000BBV4M5,CNTL,100,Центральный Телеграф,telecom,2009,0.380162641241759,0.00588056016407037,0.5555555555555556,0.4246984126712534,11.2
TCS00A107JE2,GEMC,1,United medical group,health_care,2021,0.43213649416992056,0.025294849698835668,0.1111111111111111,0.4191609725053952,734.3
BBG004S686W0,UPRO,1000,Юнипро,utilities,2006,0.3425747196023946,0.056213756918392595,0.6666666666666666,0.41789725656932314,1.892
BBG0029SG1C1,KZOSP,10,Казаньоргсинтез - акции привилегированные,materials,2012,0.3798057890098368,0.022496190856497907,0.4444444444444444,0.41405010858419966,19.73
BBG002B2J5X0,KRKNP,1,Саратовский НПЗ - акции привилегированные,energy,2011,0.3738620856192833,0.0242507999563913,0.48148148148148145,0.413909725664622,8740.0
TCS009046502,UDMN,1,Удмуртнефть,energy,2023,0.4301804169990333,0.04695513949225952,0.037037037037037035,0.41327284416159993,31000.0
TCS00A105NV2,CARM,100,КарМани,financial,2023,0.4242526330445419,0.06194919533862235,0.037037037037037035,0.4117485007848271,1.766
BBG00BGKYH17,NKHP,10,НКХП,industrials,2015,0.38963173519959304,0.03427505589555267,0.3333333333333333,0.4115632608959594,716.0
BBG000LNHHJ9,KMAZ,10,КАМАЗ,industrials,2005,0.3311905297458167,0.04229882589835776,0.7037037037037037,0.40855991136744924,118.2
TCS30A108JF7,PRMD,1,Промомед,health_care,2024,0.41654721232539055,0.09361203278924113,0.0,0.40808557178806293,330.15
TCS00A107J11,DELI,1,Делимобиль,it,2024,0.43322943806389064,0.026812948550138493,0.0,0.40585694645079756,204.7
BBG000QFB4J6,ZILLP,1,ЗИЛ - акции привилегированные,real_estate,2023,0.4194304459928483,0.042514714818055015,0.037037037037037035,0.4021273719697824,2840.58
BBG002B9T6Y1,KAZTP,10,КуйбышевАзот - Акции привилегированные,materials,2018,0.3970835226916115,0.022687686764397086,0.2222222222222222,0.40068371334341674,453.5
BBG000RP8V70,CHMK,1,ЧМК,materials,2008,0.33306791026294436,0.05507307811081,0.5925925925925926,0.39896571898132743,5600.0
BBG004S68598,MTLR,1,Мечел,materials,2008,0.30350030845086534,0.15652464685468576,0.5925925925925926,0.3984265229585921,105.18
BBG000RMWQD4,ENPG,1,Эн+,materials,2020,0.3798863988665269,0.09128834760036224,0.14814814814814814,0.39309899240851265,333.95
BBG002B9MYC1,KAZT,10,КуйбышевАзот,materials,2018,0.38996280373542924,0.01553073614145151,0.2222222222222222,0.39218405662205624,452.0
BBG000TY1CD1,BELU,1,Novabev Group,consumer,2018,0.3523835036654153,0.1444306794187227,0.2222222222222222,0.3914878556145414,650.0
TCS00A106YF0,VKCO,1,ВК,it,2020,0.38338797176420536,0.07043069223919643,0.14814814814814814,0.39081979855535803,316.4
BBG000W325F7,AQUA,1,ИНАРКТИКА,consumer,2018,0.3803404654365528,0.04340924183163055,0.2222222222222222,0.390647395331328,602.0
TCS00A109B25,OZPH,10,Озон Фармацевтика,health_care,2024,0.41696032747426254,0.006900283398704579,0.0,0.38549384902396466,29.67
TCS00A0JR514,LIFE,100,Фармсинтез,health_care,2018,0.38037606797231405,0.018449153965594385,0.2222222222222222,0.3840670788275307,3.665
BBG002W2FT69,ABRD,10,АбрауДюрсо,consumer,2018,0.3741939724576501,0.03657179492939738,0.2222222222222222,0.38313583870193557,191.0
BBG00172J7S9,OKEY,10,O'Key Group SA,consumer,2020,0.37856442246876626,0.046217389003835714,0.14814814814814814,0.37993122730552276,24.59
BBG004S68DD6,MSTT,10,Мостотрест,industrials,2018,0.3654769136397695,0.05281521810115209,0.2222222222222222,0.37935589729340496,168.7
BBG002YFXL29,UNKL,1,ЮУНК,materials,2012,0.3354206375454204,0.04653767573031409,0.4444444444444444,0.379259612814275,5940.0
BBG000BX7DH0,VRSB,10,ТНС энерго Воронеж,utilities,2018,0.3708844657217792,0.026461810478559503,0.2222222222222222,0.3773880734236968,466.5
BBG0027F0Y27,CNTLP,100,Центральный Телеграф - акции привилегированные,telecom,2018,0.3749758753480399,0.0053818704915122246,0.2222222222222222,0.37559696719997565,8.0
TCS00A0ZZFS9,LEAS,1,Европлан,other,2024,0.39499601500978065,0.033131383956416856,0.0,0.37207540424478924,619.0
BBG00F6NKQX3,SMLT,1,ГК Самолет,real_estate,2020,0.35058646212215266,0.11176519008749251,0.14814814814814814,0.37135325131561664,1365.0
BBG004S68FR6,MTLRP,10,Мечел - Привилегированные акции,materials,2011,0.29978070644254623,0.12014847021081704,0.48148148148148145,0.37061926989298705,107.9
TCS00A105BN4,GECO,10,Генетико,health_care,2023,0.3825932348243682,0.025940550617724278,0.037037037037037035,0.36357506433374503,30.1
TCS00A107ER5,DIAS,1,Диасофт,it,2024,0.3901923796575288,0.0038603159062858172,0.0,0.3598652135036012,4666.0
TCS009086904,SLAV,1,Славнефть,energy,2023,0.35740837371719786,0.06437062314366508,0.037037037037037035,0.3504022477434786,46.0
BBG00R4Z2NT4,VEON-RX,10,VEON,telecom,2021,0.3559831524251663,0.02988187895809671,0.1111111111111111,0.3497557592395852,30.8
TCS00A0HG6Z8,OBNE,1,Обьнефтегазгеология - ао,materials,2023,0.34854522151971856,0.07961033746665994,0.037037037037037035,0.3462208880947278,925.1
BBG00ZHCX1X2,FIXP,1,Fix Price Group,consumer,2021,0.3438224317466329,0.03411963083580828,0.1111111111111111,0.33960137003294394,178.4
BBG0100R9963,SGZH,100,Сегежа,materials,2021,0.28899468340842405,0.20913662027126673,0.1111111111111111,0.3351288733917629,1.712
TCS00A108GD8,IVAT,1,IVA Technologies,it,2024,0.3583419037418426,0.020220800221806213,0.0,0.3346635824658119,212.85
BBG002B298N6,YAKG,10,ЯТЭК,energy,2018,0.3243419188166765,0.01710842474132063,0.2222222222222222,0.3317487421952089,60.15
TCS00A107KX0,KLVZ,100,Кристалл,consumer,2024,0.3441186576532178,0.04921386158818612,0.0,0.3291555915284759,4.5
TCS00A107RM8,ZAYM,10,МФК Займер,financial,2024,0.3482653696401998,0.02595643953304199,0.0,0.3268388322032025,143.6
BBG005D1WCQ1,QIWI,1,QIWI,it,2013,0.22947519443787426,0.22371047972427366,0.4074074074074074,0.3230478721572757,210.8
BBG000Q7ZZY2,UNAC,1000,Объединенная авиастроительная корпорация,industrials,2010,0.24916826280440182,0.09622517859102268,0.5185185185185185,0.3222519417785312,0.7205
TCS10A108K09,VSEH,1,ВИ.РУ,consumer,2024,0.32384873757833327,0.08351755770682216,0.0,0.3194473215178245,95.6
TCS002614686,NTZL,1,НИТЕЛ,telecom,2023,0.3237704774285827,0.0409861277046046,0.037037037037037035,0.3130123751356097,33.39
TCS009124010,KZIZ,1,Красногорский завод им. С.А. Зверева - ао,other,2023,0.28271303245583623,0.1774716233342253,0.037037037037037035,0.31110056661967167,318.79
TCS00A0JRH43,MBNK,1,МТС-Банк,financial,2024,0.3302843421815999,0.023375427744252008,0.0,0.3094803244118924,1402.0
TCS009102396,UFOSP,1,Уфаоргсинтез - привилегированные акции,materials,2023,0.3254763597057865,0.015219208087805304,0.037037037037037035,0.3077672124432954,73.5
BBG004Z2RGW8,ROLO,1000,Русолово,materials,2013,0.26595948674550446,0.02355053631189174,0.4074074074074074,0.30384783533066706,0.6516
TCS00A0F61T7,TGKJ,1,Форвард Энерго,energy,2023,0.3138143187220732,0.024638821096944027,0.037037037037037035,0.299448239100026,69.97
TCS009177281,NOMPP,1,Новошип - привилегированные акции,industrials,2023,0.3184528988138589,0.007944330054731007,0.037037037037037035,0.2993265020895938,155.0
TCS009084453,NOMP,1,Новошип - ао,industrials,2023,0.2938340308220728,0.019930781952494862,0.037037037037037035,0.2796721537815291,239.49
BBG000RJL816,TTLK,1000,Таттелеком,telecom,2007,0.20875119613209958,0.020432408841857926,0.6296296296296297,0.2794093176058286,0.671
TCS007940839,KZIZP,1,Красногорский завод им. С.А. Зверева - привилегированные акции,other,2023,0.27030146493165724,0.08222289035009585,0.037037037037037035,0.27435398488000007,344.83
BBG001BBGNS2,ORUP,1,Обувь России,consumer,2023,0.23473962313641916,0.024097844330463532,0.037037037037037035,0.22597521953805574,1.58
BBG000VKG4R5,MRKU,10000,Россети Урал,utilities,2008,0.0,0.1637441681317704,0.5925925925925926,0.1188892699156243,0.3756
BBG000VH7TZ8,MRKC,1000,Россети Центр,utilities,2008,0.0,0.0849976897572443,0.5925925925925926,0.09802489474274109,0.4896
BBG00475JZZ6,FEES,10000,ФСК Россети,utilities,2008,0.0,0.07977739447666869,0.5925925925925926,0.09664174464516931,0.8358
BBG000Q7GJ60,TGKBP,100000,ТГК-2 - акции привилегированные,utilities,2007,0.0,0.058894662033307385,0.6296296296296297,0.09601533128250099,0.1291
BBG000F6YPH8,ELFV,1000,ЭЛ5-Энерго,energy,2005,0.0,0.016672858963971596,0.7037037037037037,0.0946415948829251,0.5724
BBG000VG1034,MRKP,10000,Россети Центр и Приволжье,utilities,2008,0.0,0.07019995450896525,0.5925925925925926,0.09410414163349516,0.3415
BBG000RK52V1,OGKB,1000,Вторая генерирующая компания оптового рынка электроэнергии,utilities,2007,0.0,0.0508698551428437,0.6296296296296297,0.09388910817883092,0.3432
BBG00475K2X9,HYDR,1000,РусГидро,utilities,2008,0.0,0.062230308470525596,0.5925925925925926,0.09199253374481935,0.5225
BBG000RG4ZQ4,TGKN,100000,ТГК-14,utilities,2007,0.0,0.03324250721746372,0.6296296296296297,0.08921863137771155,0.868
BBG000QFH687,TGKA,100000,ТГК-1,utilities,2007,0.0,0.029601330831750514,0.6296296296296297,0.0882538787722574,0.7056
BBG000TJ6F42,MRKZ,10000,Россети Северо-Запад,utilities,2008,0.0,0.04242417092834494,0.5925925925925926,0.08674477291873693,0.58
BBG000Q7GG57,TGKB,1000000,ТГК-2,utilities,2007,0.0,0.021902058209733902,0.6296296296296297,0.08621390802232695,0.717
BBG000PKWCQ7,MRKV,10000,МРСК Волги,utilities,2008,0.0,0.018126099628398028,0.5925925925925926,0.0803068459657577,0.638
BBG000C7P5M7,MRKY,10000,МРСК Юга,utilities,2008,0.0,0.006593179749948402,0.5925925925925926,0.07725112624152662,0.6155
BBG000VJMH65,MRKS,1000,МРСК Сибири,utilities,2008,0.0,0.00494202886593129,0.5925925925925926,0.07681364342042417,0.563
TCS00A0JPP37,UGLD,1000,Южуралзолото ГК,materials,2023,0.0,0.10197631921420489,0.037037037037037035,0.02892451860332762,0.6675
TCS10A0JV532,GRNT,1,Городские Инновационные Технологии,industrials,2023,0.0,0.0791457982438677,0.037037037037037035,0.022875428348752037,0.77
TCS00A102093,ELMT,1000,Элемент,it,2024,0.0,0.011327706686748979,0.0,0.0,0.16285
